{"hum": 36.15738623792315, "temp1": 26.75068493150685, "pressure": 1005.611572265625, "temp2": 27.34, "accel1": [5.551, 9.394, 1032.181], "Gaxis": [-25130.0, -29190.0, 34790.0], "accel2": [12.2, -19.0, 975.5], "magneto": [250.5, -94.5, 37.5], "relay1": false, "relay2": true, "relay3": false, "relay4": true}